12,de.sueddeutsche,medien,http://www.sueddeutsche.de/medien/filmkritik-blut-und-schlamm-1.3752083,,Blut und Schlamm und vielleicht bald ein Oscar,"Die Hölle ist schmutzig – und das Leben in den Südstaaten derzeit ein sehr beliebtes Filmthema. Da, wo der Mississippi mündet, ist es besonders schlammig, und die Redewendung to sell somebody down the river - für: jemandem das Fell über die Ohren ziehen - erinnert in Amerika bis heute daran, wie beliebt schon bei den Sklaven die Aussicht war, aus der Hölle der nördlichen Südstaaten in die noch höllischeren Höllen von Louisiana und Mississippi verhökert zu werden. Auf Netflix hat nun eines Premiere, das gewissermaßen beides ist: Breitwandkino für den Bildschirm. Mudbound ist ein Mehr-als-zwei-Stunden-Melodram mit sichtbaren Ambitionen und vermutlich sogar Chancen auf die Oscars, was erstens am Thema (Rassismus), zweitens an der politischen Debattenlage heute (wiederum Rassismus) und drittens natürlich schon auch an den Darstellern liegt, zum Beispiel Mary J. Blige, die für den Nebendarstellerinnen-Oscar im Gespräch ist, wobei auch Carey Mulligan als ihr Gegenstück viel Ausdruckskraft aufs Leiden verwendet. Das sind Pächter, die den Eignern des Landes einen Teil der Ernte überlassen müssen. Wenn es auch eine eigene Oscar-Kategorie für wirklich durchdringend furchterregende Ku-Klux-Klan-Ekel gäbe, hätte Jonathan Banks ( Breaking Bad , Better Call Saul ) seinen hiermit sicher. Dies aber erst in Stunde zwei des seinerseits recht mississippihaft dahinfließenden Films . In der ersten regnet es vor allem viel, ist es viel dunkel, es wird viel Gospel gesungen, und wenn jemand im gähnenden Schaukelstuhl-auf-der-Veranda-Akzent der Südstaaten sagt, dass er gern nach Los Änscheliiiiiiiiiiiiiiis ziehen würde, dann braucht er halt allein für das Wort doppelt so lang wie jemand in Los Angeles, geschweige denn New York. Das liegt ganz einfach an der Hitze dort und ist von daher am ehesten etwas für lange, kalte Abende. In der ZDF-Neo-Serie ""Lobbyistin"" geht es um Korruption, weibliche Sexsucht und die Medienmaschine.",2017-11-18 11:39:38.000000,2017-11-18 16:51:17.555790
1,de.sueddeutsche,medien,http://www.sueddeutsche.de/medien/usa-sag-mir-was-du-schaust-und-ich-sage-dir-ob-du-trump-waehlst-1.3747241,Kathrin Werner,"Sag mir, was du schaust, und ich sage dir, ob du Trump wählst","Im Auge des Betrachters: Polizeiserien wie Blue Bloods sind vor allem bei konservativen Zuschauern beliebt. In der Serie The Brave jagen amerikanische Undercover-Agenten Terroristen um die halbe Welt. Die neue Serie, seit Ende September zu sehen beim US-Sender NBC, ist Fernsehen für Konservative. The Brave ist ganz weit vorn, auch andere Action-geladene Shows sind beliebt, zum Beispiel Lethal Weapon oder Blue Bloods . Politisch linksorientierte Amerikaner mögen dagegen Serien mit bunt gemischten Besetzungen, die vom modernen Leben in Städten erzählen, etwa Crazy Ex-Girlfriend und Will & Grace . Diese Shows seien kaum politisch eingefärbt und behandeln Themen, die alle interessieren, sagte Fizziology-Gründer Ben Carlson der Nachrichtenwebsite Business Insider . Männer mit langen Bärten sind die Helden, Frauen spielen keine große Rolle, Schwarze oder Schwule kommen nicht vor. So etwas mögen die Menschen in ländlichen Gegenden der USA, im konservativen Heartland. Jeder kannte I love Lucy und Alf , die Shows prägten den amerikanischen Humor. Fernsehserien strebten an, so normal wie möglich zu sein und jeden anzusprechen.",2017-11-18 15:36:31.000000,2017-11-18 16:51:02.908497
2,de.sueddeutsche,stil,http://www.sueddeutsche.de/stil/essen-und-trinken-das-perfekte-glas-fuer-den-lieblingswein-1.3751235,,Das perfekte Glas für den Lieblingswein,"Eine gelöste Runde sitzt am Tisch, man trinkt zusammen, nicht jeder weiß so ganz genau, was er im Glas hat. Für das gerade anlaufende Weihnachtsgeschäft sollte man, ob als Käufer oder Verkäufer, ziemlich firm in der Materie sein. Man fragt sich, woher alle plötzlich das Wissen nehmen, wie Single Malt aus Japan serviert wird und in welches Gläschen der Quittenbrand gehört. Wer sich da das große Programm leistet, ein Trink-Geschirr für Apéro über Riesling und Burgunder bis zum Digestif, ist schnell etliche Hundert Euro los. Wer Unterstützung nötig hat - man braucht es ja nicht zuzugeben -, ist bei Astrid Zieglmeier gut aufgehoben. Die Sommelière rät: ""Ein vernünftiges Glas, nicht zu klein, gut sieben Zentimeter Kelchdurchmesser - das passt wunderbar für jeden Wein."" Tiefschwarz, hocharomatisch und handgefiltert: Latte Macchiato war gestern, inzwischen ist Kaffee auch in Deutschland der neue Wein. Und entscheide sich nach Gusto für eines der unprätentiösen sogenannten Standardgläser, die alle namhaften Hersteller im Programm haben. Und danach seine revolutionäre Produktserie konzipierte (die Furcht vor dem Fauxpas des falschen Glases erfand er quasi mit). Ein Knochenjob, bei dem erstaunliche Kunstwerke entstehen wie der vielfach gebogene Dekanter ""Boa"", erhältlich für gut 400 Euro im angegliederten Shop.",2017-11-18 15:17:53.000000,2017-11-18 16:51:03.864349
15,de.sueddeutsche,politik,http://www.sueddeutsche.de/politik/sz-wahlzentrale-worum-es-heute-in-den-jamaika-sondierungen-geht-1.3755335,Hannah Beitzer,Worum es heute in den Jamaika-Sondierungen geht,"Auf den allerersten Blick, da sind sich alle Sondierer einig: Deutschland muss seine Klimaziele einhalten. Doch bei der Frage, was dafür nötig ist, sind die Differenzen noch groß. CDU, CSU und FDP gehen davon aus, dass bereits ein Minus von 32 bis 66 Millionen Tonnen CO2 ausreicht. In den Hauptstreitpunkten sind Grüne, FDP und Union auch nach einer langen Nacht keinen Schritt weiter. Der ist für Flüchtlinge, die nur einen subsidiären Schutz genießen, noch bis Frühjahr 2018 ausgesetzt. Subsidiären Schutz genießen all jene Flüchtlinge, die in ihrem Heimatland zwar nicht persönlich verfolgt werden, denen aber Folter, anderweitige unmenschliche Behandlung oder die Todesstrafe drohen oder in deren Ländern Krieg herrscht. Verlässliche Zahlen sind schwer zu bekommen, doch Schätzungen gehen von weit weniger Menschen aus, etwa 50 000 bis 60 000 zusätzlichen Migranten . Wobei auch CDU und FDP nicht gerade euphorisch sind, wenn es um die von den Grünen geforderte ""Verkehrswende"" geht. Die Grünen setzten sich zum Beispiel mit der Forderung nach einem ""Tierwohllabel"" durch. Die CDU-Vorsitzende hat ein Problem: Ihren potenziellen Partnern CSU, FDP und Grünen kann sie nichts anbieten, was alle zufriedenstellt.",2017-11-18 11:20:49.000000,2017-11-18 16:51:21.374058
4,de.sueddeutsche,politik,http://www.sueddeutsche.de/politik/krise-in-nahost-saudi-arabien-ruft-botschafter-aus-berlin-zurueck-1.3755320,,Saudi-Arabien ruft Botschafter aus Berlin zurück,"Nach kritischen Aussagen von Bundesaußenminister Sigmar Gabriel (SPD) ruft Saudi-Arabien seinen Botschafter aus Berlin zurück. Wie die staatliche Nachrichtenagentur SPA mitteilte, beorderte das Königreich seinen diplomatischen Vertreter für ""Konsultationen"" nach Riad. Unterdessen wurde der libanesische Ministerpräsident Saad Hariri in Paris vom französischen Präsidenten Emmanuel Macron im Élyséepalast empfangen. Das Statement fiel am Rande des Besuch von Gabriels libanesischem Amtskollegen Dschibran Bassil in Berlin. Weiter sprach Gabriel von einer ""brandgefährlichen Entwicklung im Libanon"" und warnte vor ""blutigen Auseinandersetzungen"" in dem Land sowie mit Nachbarländern. Der möglicherweise erzwungene Rücktritt des libanesischen Premierministers könnte den Konflikt zwischen Saudi-Arabien und Iran eskalieren lassen. In einem Tweet wandte sich Hariri direkt an den deutschen Außenminister und dementierte, festgehalten zu werden. Weiter hieß es: ""Dies offen anzusprechen, ist unter engen internationalen Partnern möglich und selbstverständlich."" Es wird von vielen befürchten, dass der Staat zum Schauplatz eines neuen Stellvertreterkrieges zwischen den rivalisierenden Regionalmächten Iran und Saudi-Arabien werden könnte. eine erwartete Rückkehr nach Beirut wird als Voraussetzung für die Lösung der politischen Krise gesehen.",2017-11-18 14:55:21.000000,2017-11-18 16:51:06.220160
9,de.sueddeutsche,politik,http://www.sueddeutsche.de/politik/us-soldaten-im-koreakrieg-der-krieg-des-mg-schuetzen-carter-1.3731744,Hubert Wetzel,Der Krieg des MG-Schützen Carter,"Magere Gesichter mit müden Augen, die zu viel gesehen haben; vermummte Gestalten mit Stoppelbärten, Männer, die dicke Wollmützen unter ihren Stahlhelmen tragen und sich an einer Zigarette wärmen. Verwundete, quer über die Motorhaube eines Jeeps gelegt und festgezurrt wie Holzbalken. Die Korea-Veteranen nennen ihn bis heute ""Amerikas vergessener Krieg"", aus der Erinnerung verdrängt von den glorreichen Siegen des Zweiten Weltkriegs und dem finsteren Gemetzel in Vietnam. Zudem war der Koreakrieg offiziell nur eine Art militärischer Polizeieinsatz unter Mandat und Flagge der Vereinten Nationen, um das mit dem Westen verbündete Südkorea zu befreien, nachdem es 1950 vom kommunistischen Norden überfallen worden war. Er wuchs in Hagerstown auf, einer kleinen Industriestadt im Norden von Maryland. Sein Vater war Holzarbeiter, Richard hatte neun Brüder und eine Schwester. ""Mit 15 habe ich zum ersten Mal versucht, in die Army zu kommen"", sagt er. ""Sie haben uns auf dem Paradeplatz antreten lassen und gefragt, wer freiwillig an die Front gehen will"", erzählt Carter. Breitengrad - hinweg und eroberten am 28. Juni Seoul, die Hauptstadt des Südens. Das von den Alliierten gehaltene Gebiet schmolz auf einen kleinen Brückenkopf um die Stadt Busan im Südosten der Halbinsel zusammen.",2017-11-18 12:58:44.000000,2017-11-18 16:51:13.635135
8,de.sueddeutsche,politik,http://www.sueddeutsche.de/politik/putsch-in-simbabwe-die-angst-ist-weg-1.3755431,Bernd Dörries,Die Angst ist weg,"Das Volk in Simbabwe vollendet, was den Generälen nicht gelungen ist: Mugabe aus dem Amt zu jagen. Vor 37 Jahren stand Victor Pkuretu schon einmal hier auf diesem großen Platz in einem Vorort von Harare. Bilder mehr... ""Es fällt mir schwer, das zu sagen, aber unser Held von damals ist ein Verbrecher geworden. Er hat damals mit Mugabe gekämpft im Unabhängigkeitskrieg, ist dafür für viele Jahre in den Internierungslagern des weißen Regimes verschwunden. Man sieht sie in der ganzen Stadt, die mittlerweile eine Mischung ist aus Volksfest und Demonstration. Manchmal, so sieht es aus, schauen sich die Demonstranten gegenseitig an, mit einem ungläubigen Blick: Trauen wir uns das wirklich? Und auch diejenigen, die ihn gestern noch bejubelten, haben sich recht geschmeidig an den neuen Realitäten orientiert. Die Demonstranten tragen schon das Bild des möglichen neuen starken Mannes mit sich herum: Emmerson Mnangagwa, der Mugabe 37 Jahre lang treu zur Seite stand, bis dieser ihn vor zwei Wochen als Vize-Präsident feuerte, um Platz zu machen für seine Frau Grace. ""Es fühlt sich komisch an, hier zu stehen, dort drüben steht ein Mann, der damals meinen Nachbarn verprügelt und seiner Frau ins Gesicht geschlagen hat, vor den Kindern. Seine erste Ehefrau Sally setzte sich für Leprakranke ein, Nachfolgerin Grace Mugabe fiel vor allem durch ihre Luxussucht auf.",2017-11-18 13:11:38.000000,2017-11-18 16:51:12.129219
3,de.sueddeutsche,politik,http://www.sueddeutsche.de/politik/machtkampf-in-der-csu-das-letzte-duell-1.3754059,,Das letzte Duell,"Ministerpräsident Horst Seehofer und Finanzminister Markus Söder ringen um die Macht in Bayern und der CSU. Horst Seehofer und Markus Söder bekriegen sich in der CSU seit Jahren. Mit dem Desaster bei der Bundestagswahl hat das Endspiel begonnen. Text: Roman Deininger und Wolfgang Wittl; Illustrationen: Katharina Bitzl 24. September Es ist kurz nach 16 Uhr am Wahlsonntag, als auf den Handys die ersten, eigentlich noch geheimen Zahlen aufblinken. Horst Seehofer und sein engster Kreis haben sich in den vierten Stock der Münchner CSU-Zentrale zurückgezogen. Generalsekretär Andreas Scheuer ist da, Bundesverkehrsminister Alexander Dobrindt, Wirtschaftsministerin Ilse Aigner. Eine Büste von Franz Josef Strauß wacht über die Runde, indes nicht sehr erfolgreich: Die CSU wird unter 40 Prozent fallen. ""Die haben sich verrechnet"", sagt einer. Da seien die Zahlen aus ...",2017-11-18 15:01:11.000000,2017-11-18 16:51:04.896092
32,at.derstandard,kultur,http://derstandard.at/2000068024604/Jette-Steckel-Wir-befinden-uns-in-einer-Art-von-Apathie?ref=rss,Standard Verlagsgesellschaft M.B.H.;Ronald Pohl,Burgtheater - Jette Steckel: "Wir befinden uns in einer Art von Apathie","Wir haben hier, in unserer Burgtheater-Fassung, die neutrale Setzung eines kleinen Städtchens irgendwo im hohen Norden. Wir haben den ersten Akt weggenommen und Stockmann mit der richtigen Munition für sein Bewusstsein versehen. STANDARD: Sehen wir bei der Analyse gesellschaftlicher Missstände nicht fast immer von uns selbst ab? Stockmann wird ganz schlicht, in seiner Profession als Arzt, auf einen empörenden Umstand gestoßen. Es geht erst einmal gar nichts verloren, im Gegenteil, neue Geldquellen tun sich auf. Die linke Seite sagt hingegen, wir müssen das System grundsätzlich stürzen, aber welches dann? Zum einen wird künstlerische Freiheit gestärkt, das Theater als Sammelstelle für kritische Organe unterstützt. Steckel: Wir befinden uns in einer Art von Apathie, die gar nichts mehr auslöst. Man geht am Abend des Nationalfeiertags ins Burgtheater und stolpert an Bundesheerpanzern vorbei. Über dem Burgtheater steht zeitgleich der Slogan: ""Eines Tages wird sich die Perspektive ändern.""",2017-11-18 11:00:00.000000,2017-11-18 16:51:44.321902
30,at.derstandard,kultur,http://derstandard.at/2000068019939/Frau-am-Steuer-Pionierinnen-in-Maennerdomaenen?ref=rss,Standard Verlagsgesellschaft M.B.H.;Bettina Balaka,Gleichstellung - Frau am Steuer: Pionierinnen in Männerdomänen,"Alle lugen nach vorn zum Führerstand und versuchen über die Köpfe der anderen hinweg zu erkennen, wer sich dort abmüht. Denn obwohl ich mich – insbesondere im universitären Umfeld – seit Jahren geradezu im Zentrum feministischen Denkens und Forschens bewegte und obwohl ich nicht eine Sekunde gezögert hätte, für die Ausübung jeden Berufes von Frauen auf die Barrikaden zu gehen, trieb mein Gehirn für Sekundenbruchteile mit mir ein unheimliches Spiel. Denn inmitten des raunzigen Aufruhrs hatte auch ich – plötzlich und sofort niedergekämpft – das Gefühl: Vielleicht ist es doch nicht so eine gute Idee, wenn Frauen Autobusse fahren. Man will über sie auf der sicheren Eisschicht des eigenen vorbildlichen Denkens hinwegschreiten, und bricht doch immer wieder ein. Junge Frauen der Gegenwart sind häufig überzeugt, dass sie niemals Selbstzweifel gehabt oder sich irgendetwas hätten gefallen lassen. Was, wenn das Auto zu brennen anfing oder in einen Fluss stürzte – würde man sich rechtzeitig aus den Gurtschlingen befreien können? In Spielfilmen aus den Vierzigerjahren kann man sehen, wie sich Menschen sogar im Krankenhaus am Patientenbett eine Zigarette anzünden. Sie durften ausschließlich in der Überwachung des ruhenden Verkehrs tätig sein, und das bedeutete im Wesentlichen Strafzettel fürs Falschparken verteilen. Ebenfalls diskutiert wurde die Frage, ob es für männliche Autofahrer nicht demütigend sei, von Frauen zurechtgewiesen, belehrt oder gar abgestraft zu werden. Seit Anbeginn der Luftfahrt hatte es Pilotinnen gegeben, die Flugschulen betrieben, sich in Flugwettbewerben bewiesen und Rekorde aufstellten.",2017-11-18 11:00:00.000000,2017-11-18 16:51:42.329488
19,at.derstandard,kultur,http://derstandard.at/2000068035325/Louis-C-K-Schwieriges-Leben-mit-verfemten-Stars?ref=rss,Standard Verlagsgesellschaft M.B.H.;Dominik Kamalzadeh,Belästigungsvorwürfe - Louis C. K.: Schwieriges Leben mit verfemten Stars,"Kenneth Anger, der bedeutende Filmavantgardist, erzählt diese Episode in seinem 1960 erschienenen Buch Hollywood Babylon – neben einer Unmenge anderer verrufener Storys. Daran sollte man vielleicht erinnern, wenn nun als Reaktion auf die Enthüllungen rund um Harvey Weinstein, Kevin Spacey und jüngst Sylvester Stallone – 1986 soll er eine 16-Jährige zum Sex gezwungen habe – wieder viel die Rede von vorbildhaftem Verhalten ist. Der Akt scheint so aufgeladen, dass die kleingeistige Doppelmoral dahinter kaum mehr Erwähnung findet. Ein besonders aufschlussreicher ""Fall"" ist jener des Komikers Louis C. K., dessen Film I Love You, Daddy diese Woche in US-Kinos hätte starten sollen. Nach seinem Eingeständnis, fünf Frauen sexuell belästigt zu haben, indem er vor ihnen masturbierte, wurde die Komödie vom Verleiher wie eine heiße Kartoffel fallengelassen. Nur weil sich Louis C. K. in seinen Sitcoms des rhetorischen Tricks bedient, das Selbst mit einem täuschend ähnlichen Alter Ego zu verschmelzen? Ein Blick auf den Film, der mit Erfolg auf dem Filmfestival Toronto lief, demonstriert jedenfalls, dass dieser das Spiel mit männlichen Fantasien, Macht und der Frage, wie weit man gehen kann, ganz offen betreibt. Manohla Dargis, Filmkritikerin der NYT, legt ihre Interpretation jedoch vielschichtiger an: Auch wenn ihr die Gags nach zweiter Sichtung gröber erscheinen, entdeckt sie in I Love You, Daddy einen symbolischen Vatermord von Louis C. K. an seinem Vorbild Woody Allen. Seitdem hat auch dessen Reputation rund um die Aussagen seiner Tochter Dylan gelitten. Schon daran mag man sehen, dass das Verhältnis zwischen Autor und Werk viel weiter reicht.",2017-11-18 14:00:00.000000,2017-11-18 16:51:28.615080
7,de.sueddeutsche,kultur,http://www.sueddeutsche.de/kultur/nach-langer-krankheit-acdc-mitbegruender-malcolm-young-ist-tot-1.3755461,,AC/DC-Mitbegründer Malcolm Young ist tot,"Young starb nach langer Krankheit und wurde 64 Jahre alt. Das teilte die Rockgruppe am Samstag auf ihrer Webseite mit. Mehr noch: Malcolm Young war als Gitarrist und Songschreiber die führende Kraft von AC/DC. Gesundheitlich ging es Malcolm Young schon seit langem nicht gut; erst wurde er erfolgreich wegen Lungenkrebs behandelt, dann war es das Herz. 2014 gab die Band bekannt, dass Malcolm nur eine Pause aufgrund seines Gesundheitszustandes machen würde . Einige Monate später vertraute Angus Young dem Musikmagazin Rolling Stone an, dass sein zwei Jahre älterer Bruder schon 2008 an Gedächtnislücken und Konzentrationsschwäche gelitten hatte. Wie AC/DC auf Facebook schreibt, starb Malcolm Young friedlich im Kreise seiner Familie in Australien. In einem weiteren, unsignierten Facebook-Post äußert sich offenbar Angus Young zu dem Tod seines zwei Jahre älteren Bruders: ""Als sein Bruder kann ich nur schwer ausdrücken, was er mir bedeutet hat in meinem Leben, unsere Verbundenheit war einzigartig und ganz besonders."" Die größte Rockband der Welt spielt wieder in deutschen Fußballstadien. Dass Bandgründer Malcolm Young wegen Demenz nicht mehr dabei ist, bringt unseren Autor regelrecht aus der Fassung.",2017-11-18 13:51:23.000000,2017-11-18 16:51:10.761224
17,at.derstandard,kultur,http://derstandard.at/2000068063389/ACDC-Mitbegruender-Malcolm-Young-verstorben?ref=rss,Standard Verlagsgesellschaft M.B.H.;Christian Schachinger,1953 –2017 - AC/DC-Mitgründer Malcolm Young verstorben,"Wien – Sein Bruder Angus Young und die Sänger Bon Scott sowie nach dessen frühen Tod Brian Johnson mögen in der ersten Reihe gestanden haben und alle Aufmerksamkeit auf sich gezogen haben. Zuletzt live in Wien 2016 im Ernst-Happel-Stadion agierte als Frontmann vom Rock’n’Rollstuhl aus sogar Axl Rose von Guns N’Roses als rüstiger Shouter. Malcolm Young bewegte sich zwar auf der Bühne nur im Zentimeterbereich. Mit seinen brutal wie präzise gedroschenen Riffs auf seiner modifizierten, weitgehend ohne Effekte und unverzerrt gespielten Gretsch-Gitarre machte er allerdings die Songs der australischen Hardrockband AC/DC schon nach wenigen Sekunden unverwechselbar erkennbar. Nachdem Malcolm und Angus mit ihren vier älteren Geschwistern und den Eltern 1963 nach Australien ausgewandert waren, brach Malcolm schon mit 15 Jahren die Schule ab, um sich fortan seiner großen Liebe zu widmen, dem Rock’n’Roll. Die Songs T.N.T., Back In Black, If You Want Blood You Got It, Highway To Hell, It’s A Long Way To The Top If You Wanna Rock’n’Roll, Hells Bells, You Shook Me All Night Long und Alben wie Powerage, High Voltage oder Dirty Deeds Done Dirt Cheap: Sie zählen heute längst zur DNA des Rock’n’Roll. 2014 gab die Band bekannt, dass Malcolm Young in Folge eines Schlaganfalls an einer Demenz und damit des völligen Ausfalls seines Kurzzeitgedächtnisses leide und sich aus der Band zurückziehen müsse. Die Aufnahmen des von ihm noch mitkomponierten Albums Rock Or Bust fanden bereits ohne ihn statt. Für den an einem extrem starken Hörverlust leidenden Sänger Brian Johnson fand man, wie oben erwähnt, zuletzt kurzfristigen Ersatz in Axl Rose. Nun ist Malcolm Young im Alter von 64 Jahren an den Folgen seiner Krankheit gestorben.",2017-11-18 14:52:01.000000,2017-11-18 16:51:24.953746
5,de.sueddeutsche,kultur,http://www.sueddeutsche.de/kultur/islamismus-von-der-feministin-zur-is-unterstuetzerin-1.3742507,Luise Checchin,Von der Feministin zur IS-Unterstützerin,"""Frauenkampf"" heißt der Schulaufsatz der fünfzehnjährigen Ayan Juma und aus jedem Wort liest man Empörung: ""Wir müssen erbärmliche kleine Männerratten zur Welt bringen, die unsere Liebe und Fürsorge bekommen, bis eines Tages Männer aus ihnen werden, die auch wieder nur ihre Frauen unterdrücken."" Vier Jahre später, im Oktober 2013, wird dieselbe Ayan Juma Norwegen in Richtung Syrien verlassen, um sich zusammen mit ihrer sechzehnjährigen Schwester Leila dem sogenannten Islamischen Staat anzuschließen. Sie erzählt aber auch von deren Eltern, Sara und Sadiq Juma, die sich verzweifelt fragen, an welchem Punkt ihnen ihre Töchter abhanden gekommen sind. Nun ist diese Frage nicht neu, seit Jahren versucht die europäische Öffentlichkeit zu verstehen, warum Jugendliche ihr sicheres, liberales Zuhause hinter sich lassen, um auf der Seite von Verbrechern in einem brutalen Krieg zu kämpfen. Als Jugendlicher floh er aus Bosnien nach Deutschland: Der Autor Saša Stanišić erzählt in Zürich von seiner Lust am Abschweifen. Der eigentliche Grund aber, warum das fünfhundertseitige Buch zusammenzuschnurren scheint wie ein klug angelegter Thriller, ist Seierstads Erzählweise. Sie schildert Szenen aus der Sicht ihrer Protagonisten, beschreibt Gedanken, Gefühle, kleinste Details einer Umgebung. Ayans Motivation, zusammen mit ihren Freundinnen der salafistischen Jugendorganisation ""Islam Net"" beizutreten, erklärt die Autorin folgendermaßen: ""Die Leute waren cool, es fühlte sich richtig an, und außerdem waren krass viele süße Jungs dabei."" Ein norwegisches Gericht wies diese Vorwürfe schließlich zurück und bestätigte, dass Seierstad in ""Der Buchhändler von Kabul"" sorgfältig recherchiert habe. All diese Perspektiven versammelt Seierstad im Buch, dazwischen montiert sie Auszüge aus E-Mails, Chatprotokollen und zurückgelassenen Notizen der jungen Frauen.",2017-11-18 14:43:26.000000,2017-11-18 16:51:07.723247
13,de.sueddeutsche,sport,http://www.sueddeutsche.de/sport/italien-nach-dem-wm-aus-wir-sollten-den-job-gleich-buffon-ueberlassen-1.3754329,,"Wir sollten den Job gleich Buffon überlassen","Doch die alten Funktionäre wollen dies verhindern: Sie präferieren Carlo Ancelotti als neuen Nationalcoach, der ihnen ihre Posten sichert. Vor allem aber soll Ancelotti den Verantwortlichen für das Desaster im Verband als deus ex machina die Posten sichern. Er hatte sich seinen Abschied von der Nationalmannschaft anders vorgestellt, aber Kneifen war für den Kapitän keine Option. Mit einem Rücktritt hätte er auf jene 1,5 Millionen Euro verzichtet, die ihm bis zum Vertragsende 2018 noch zustehen. Stoisch überhörte er die Rücktrittforderungen aus den Medien, von Spielern, Klubpräsidenten und vom Vorsitzenden des Olympischen Komitees. Stattdessen verspricht er allen, bei der Vorstandssitzung nächsten Montag jenes Kaninchen aus dem Hut zu zaubern, das die Azzurri wieder ans Laufen bringen soll: ""Ich denke da an eine international bekannte Ausnahmepersönlichkeit."" Dass also jener radikale Neuanfang verhindert wird, nach dem die Aktiven und das Publikum lechzen. Sprecher Damiano Tommasi sagte am Freitag der Gazzetta dello Sport : ""Reformen sind mit diesen Leuten, die nach dem Desaster noch nicht mal den Mut hatten, vor die Presse zu treten, einfach nicht möglich. Wenn wir nicht zur WM fahren, liegt das auch daran, dass man in diesem Verband seit Jahren keine sportlichen Projekte mehr verfolgt."" Tommasi wollte einen Spielerstreik in der Liga nicht ausschließen, ""und ich weiß, dass die Tifosi diesmal auf unserer Seite wären"".",2017-11-18 11:38:29.000000,2017-11-18 16:51:18.550906
20,at.derstandard,sport,http://derstandard.at/jetzt/livebericht/2000067801037/bayern-muenchen-vs-fc-augsburg-sa-15-30-uhr?ref=rss,Standard Verlagsgesellschaft M.B.H.,Deutsche Liga live - Jetzt: Bayern vs. Augsburg 3:0,"Seit Jupp Heynckes bei den Bayern das Kommando übernommen hat, läuft das Werkl in München. Am Samstag ist der FC Augsburg zu Gast. Die Münchner liegen nach elf Spieltagen mit 26 Punkten an der Spitze der deutschen Bundesliga, dahinter folgen Leipzig (22) und Dortmund (20). Bei den Bayern wird David Alaba nach einer neuronalen Verhärtung im linken Oberschenkel wieder in den Kader zurückkehren. Der FC Augsburg (Gregoritsch, Danso, ohne Hinteregger/verletzt) befindet sich mit 16 Zählern im Mittelfeld auf Platz zehn, liegt punktegleich hinter Leverkusen und zwei Zähler vor Hertha BSC. Am letzten Spieltag musste sich Augsburg zuhause mit einem 1:1 gegen Leverkusen begnügen, die Bayern feierten hingegen einen 3:1-Auswärtserfolg in Dortmund. Liveticker",2017-11-18 13:33:00.000000,2017-11-18 16:51:29.941384
18,at.derstandard,sport,http://derstandard.at/jetzt/livebericht/2000068044220/lask-vs-rapid-sa-16-uhr?ref=rss,Standard Verlagsgesellschaft M.B.H.,Bundesliga live - Murg und Schwab bringen Rapid beim LASK 2:0 voran,"Der LASK und Rapid eröffnen die 15. Runde der österreichischen Bundesliga am Samstag. Die Hütteldorfer wollen ihre Effizienzprobleme hinter sich lassen und auch nach dem zwölften Pflichtspiel in Folge nicht als Verlierer vom Platz gehen. Die Grün-Weißen liegen mit 26 Punkten fünf hinter RB Salzburg und werden auch nach dieser Runde auf dem dritten Platz bleiben, weil die Linzer als Vierte sechs Zähler hinter den Wienern rangieren. Unter Rapid-Coach Djuricin hat Rapid beide bisherigen Matches gegen den LASK gewonnen. Im Cup-Halbfinale Ende April siegte Rapid im Allianz-Stadion 2:1, im ersten Liga-Vergleich Ende August folgte dann ebendort ein knapper 1:0-Heimsieg. Liveticker",2017-11-18 14:44:22.000000,2017-11-18 16:51:27.562313
6,de.sueddeutsche,sport,http://www.sueddeutsche.de/sport/ehemaliger-schalke-fussballer-schalke-legende-friedel-rausch-ist-tot-1.3755464,,Schalke-Legende Friedel Rausch ist tot,"Friedel Rausch spielte neun Jahre für den Klub und wurde als Trainer 1977 Vize-Meister. In der Nacht auf Samstag starb Rausch, er wurde 77 Jahre alt. Im Alter von 77 Jahren sei der gebürtige Duisburger am Samstagmorgen unerwartet an einem Herzversagen gestorben, teilte seine Familie mit. Rausch spielte von 1962 bis 1971 für den FC Schalke 04 und trainierte die Mannschaft von 1976 bis 1977, nachdem er zuvor bereits in der Jugend gearbeitet und als Co-Trainer fungiert hatte. Nach Stationen unter anderem bei Eintracht Frankfurt, Fenerbahce Istabul und Iraklis Saloniki wechselte der einstige Abwehrspieler 1985 zum FC Luzern, den er bis 1992 betreute und unter anderem zur Schweizer Meisterschaft führte. Am 6. September 1969 wurde Rausch im Trikot der Schalker von einem Schäferhund ins Gesäß gebissen. ""Wenn ich in Deutschland oder speziell im Ruhrgebiet unterwegs bin, sprechen mich die Leute sofort auf diese Situation an"", hatte Rausch einmal gesagt. Rauschs Laufbahn in verantwortlicher Position endete 2006 als Teamchef beim FC Luzern. In der Geschichte des Schweizer Klubs gilt er als bislang erfolgreichster Trainer. Von diesen habe er sich aber damals gut wieder erholt, teilte seine Familie mit.",2017-11-18 14:07:44.000000,2017-11-18 16:51:09.162257
10,de.sueddeutsche,digital,http://www.sueddeutsche.de/digital/kuenstliche-intelligenz-die-maschine-und-ihr-weg-hin-zur-uebermenschlichkeit-1.3753835,Helmut Martin-Jung,Die Maschine und ihr Weg zur Übermenschlichkeit,"Wer sich mit künstlicher Intelligenz (KI) beschäftigt, der hört immer wieder die eine Frage: Werden Maschinen dem Menschen bald überlegen sein? Noga, der beim Software-Konzern SAP den Bereich maschinelles Lernen leitet, denkt viel eher daran, wie diese Technik Unternehmen helfen kann. Sabine Bendiek, Chefin von Microsoft Deutschland, streitet nicht ab, dass intelligente Maschinen zu ""Verwerfungen in der Arbeitswelt"" führen könnten. ""Aber noch geht es erst einmal darum, dem Menschen Freiraum dafür zu schaffen, was sie besser können, zum Beispiel Empathie."" Die meisten Menschen sind sich allerdings gar nicht bewusst, dass diese Technik längst Einzug in ihren Alltag gehalten hat. Dass digitale Helfer wie Apples Siri, Googles Assistant oder Microsofts Cortana immer besser verstehen, was ihre Nutzer eigentlich wollen, dahinter steckt nichts anderes als eben künstliche Intelligenz. Droht also ein weiteres Mal das, was schon mehrmals passiert ist: Dass deutsche Forscher unglaublich wertvolle Erkenntnisse gewinnen, die ökonomische Umsetzung aber andere übernehmen? ""Da sind wir oft zu schwach"", sagt Stefan Schaible, Chef der Unternehmensberatung Roland Berger in Deutschland und Zentraleuropa. Schon vor einem Jahr hatte das rasend wachsende Unternehmen aus San Francisco, Einstein vorgestellt, eine selbstlernende Software, die in der Hand von Experten in der Lage ist, geschäftsrelevante Erkenntnisse aus unstrukturierten Daten zu gewinnen. In diesem Jahr legten die Kalifornier noch einmal nach: MyEinstein erlaubt es auch gewöhnlichen Angestellten, KI-gestützte Auswertungen laufen zu lassen - ohne, dass man dazu eine Ausbildung als KI-Experte braucht.",2017-11-18 12:37:33.000000,2017-11-18 16:51:14.858354
11,de.sueddeutsche,bayern,http://www.sueddeutsche.de/bayern/csu-aigner-bringt-urwahl-fuer-seehofer-nachfolge-ins-spiel-1.3755429,,Aigner bringt Urwahl für Seehofer-Nachfolge ins Spiel,"In der CSU gibt es Überlegungen, den Spitzenkandidaten für die Landtagswahl per Urwahl zu bestimmen. Offenbar würde sich auch Wirtschaftsministerin Ilse Aigner zur Wahl stellen. Medienberichte über Aigners Überlegungen wurden der Deutschen Presse-Agentur (dpa) in Parteikreisen bestätigt. Eine Sprecherin der Ministerin wollte diese weder bestätigen noch dementieren. Dieser sei ""ein Lehrbeispiel für politisches Leichtmatrosentum"", sagte Spaenle gegenüber der dpa. Aber ein solch ""durchsichtiges politisches Manöver"" diskreditiere das Instrument der Mitgliederbefragung. Er beteilige sich nicht an Personaldiskussionen, ""solange wir hier über die historisch wichtige Frage reden, ob eine Regierungsbildung möglich ist"", erklärte er vor der entscheidenden Sondierungsrunde über ein Jamaika-Bündnis in Berlin. Horst Seehofer und Markus Söder bekriegen sich in der CSU seit Jahren. Mit dem Desaster bei der Bundestagswahl hat das Endspiel begonnen. Der Parteichef und Ministerpräsident kämpft in einem parteiinternen Machtkampf ums politische Überleben, als aussichtsreichster Anwärter für das Amt des Regierungschefs gilt Bayerns Finanzminister Markus Söder .",2017-11-18 12:30:07.000000,2017-11-18 16:51:15.910925
35,at.derstandard,wirtschaft,http://derstandard.at/2000068037953/Wendung-im-Spionagethriller-um-Linzer-Weltmarktfuehrer?ref=rss,Standard Verlagsgesellschaft M.B.H.;Andreas Schnauder,Plasser & Theurer - Wendung im Spionagethriller um Linzer Weltmarktführer,"Kurzum: In der Version des Sascha W. wurde er vom Geschäftsführer einer deutschen PT-Tochter engagiert, um S7 auszuspionieren und zu ""vernichten"". Die vom Sicherheitsberater behaupteten Aktivitäten gegen den kleinen Rivalen und andere Firmen gleichen dem Drehbuch eines Agententhrillers. Lauschangriffe, Telefonüberwachung, Observierung, gehackte EDV-Systeme, gestohlene Laptops, Einbrüche, Involvierung des chinesischen Geheimdienstes und weitere Hollywood-fähige Methoden schilderte W. in seiner Anzeige. Alles erfunden, meint das BVT: Die von W. genannten Punkte ""haben nicht der Wahrheit entsprochen"", heißt es im Abschlussbericht. Besonders spektakulär war die Behauptung des W., dass mithilfe eines A1-Mitarbeiters Gespräche von System 7 abgehört worden seien – der STANDARD berichtete . Sascha W. habe mit ""zum Teil unrichtigen und stark überzogenen Angaben"" in seinen Berichten die deutsche Tochter von Plasser & Theurer ""vorsätzlich getäuscht"". Schon zwei Monate früher hatte das Landeskriminalamt Niederösterreich seine Erhebungen, die übrigens gemeinsam mit dem Bundesamt geführt wurden, abgeschlossen. Auch das LKA sieht da und dort übertriebene oder gar unrichtige Äußerungen des Sascha W., hält aber in Fettschrift fest: Seine Angaben und Unterlagen ""waren für die Wahrheitsfindung von großer Bedeutung, bzw. wäre ohne die Selbstanzeige der Sachverhalt weder bekannt noch aufgeklärt worden"". Das BVT meint hingegen, dass durchaus auch ein reales Geschäftsinteresse der Personen und Firmen bestanden haben könnte, die S7 kontaktiert hatten. Auch hier gibt Zöchbauer die Losung aus: Der Versuch werde ""erfolglos"" bleiben, weil seine Mandanten ""keine strafbaren Handlungen zu verantworten haben"".",2017-11-18 08:00:00.000000,2017-11-18 16:51:47.859192
27,at.derstandard,wirtschaft,http://derstandard.at/2000068039054/Aus-fuer-Modine-in-Kaernten-Keine-Ahnung-wies-jetzt-weitergeht?ref=rss,Standard Verlagsgesellschaft M.B.H.;Walter Müller,"US-Konzern - Aus für Modine in Kärnten: ""Keine Ahnung, wie's jetzt weitergeht""","""Praktisch von heute auf morgen"" habe die Konzernleitung mitgeteilt, dass sie den Betrieb, in dem Wärmeaustauschkomponenten für Kühlgeräte produziert werden, zusperrt. 146 Mitarbeiterinnen und Mitarbeiter, viele über 50, Ehepaare, junge Häuslbauer, stehen mit einem Schlag – jetzt vor Weihnachten – ohne Job da. Dafür mussten wir jetzt allerdings leider auch das Werk im Gailtal schließen"", ließ Modine-Vice Präsident Dennis Appel per Aussendung knapp wissen. Das Unternehmen wurde schließlich an ein italienisch-holländisches Bankenkonsortium verhökert, dann übernahm der finnische Konzern Luvata, hinter dem Fondsgesellschaften standen. ""Weil's so gut gelaufen ist, habe ich mich endlich drübergetraut und einen Kredit für den Hausausbau aufgenommen – 120.000 Euro. ""Natürlich werden wir den Menschen bei ihren finanziellen Problemen helfen, soweit es geht"", sagt SPÖ -Bürgermeister Hartlieb, der hauptberuflich die örtliche Raiffeisenbank leitet. Es sei für die gesamte, von der Land-und Forstwirtschaft und dem Tourismus geprägte Region ""eine Katastrophe"", sagt Bürgermeister Hartlieb, zumal dieser Landstrich kaum Jobs biete. Zurück bleiben meist ältere Menschen – die zum Teil jetzt im einzigen lukrativen Betrieb ihren Job verloren haben. ""Die Frage ist: Was wird nachfolgen, und hier schaut es eher düster aus – denn so wie früher, dass man sich um eine neue Industrieansiedelung umschauen kann, funktioniert das nicht mehr. Eine Chance aber lebe: Die Region könne durch ihre schöne, gesunde Naturlandschaft und günstigen Lebensbedingungen positiv aufgeladen werden.",2017-11-18 12:00:00.000000,2017-11-18 16:51:37.745644
24,at.derstandard,wirtschaft,http://derstandard.at/2000068039127/VW-Ablasshandel-im-Abgasskandal?ref=rss,Standard Verlagsgesellschaft M.B.H.;Luise Ungerboeck,Dieselgate - VW: Ablasshandel im Abgasskandal,"Das allerdings wohl eher nicht aus Großmut, sondern um eine Klage vom Hals zu bekommen, die dieser Kunde im Juli 2016 angestrengt hat. Das Gericht hat einen Sachverständigen der TU Wien beauftragt, zu prüfen, ob der mit Schummelsoftware ausgerüstete Kompakt-SUV die im Neuen Europäischen Fahrzyklus (NEFZ) vorgeschriebenen Stickoxidwerte (NOx) einhält – und zwar ohne die vom deutschen Kraftfahrtbundesamt als verbotene Abschalteinrichtung qualifizierte Manipulationssoftware. Dieser ""Fahrzeugeintausch"" ist freilich an Bedingungen gebunden: Er findet ""ausschließlich aus wirtschaftlichen Gründen"" statt, und ""es ist daraus auch kein Anerkenntnis einer der von Ihnen im Verfahren des Landesgerichtes Linz geltend gemachten Ansprüche abzuleiten"", heißt es in dem Schreiben, dass dem STANDARD vorliegt. Letzteres ist bei Vergleichen, mit denen Verfahren ""ewig ruhend gestellt"" werden, üblich. Vom Test, bei dem der Gutachter, vereinfacht ausgedrückt, einen Monat lang versucht, auf dem Rollenprüfstand eine Straßenfahrt im ""Schmutzmodus"" zu simulieren, also quasi die Schummelsoftware auszutricksen, dürfte eigentlich keine Gefahr ausgehen. Anderseits: Der aufwendige Test ist notwendig, weil sich VW weigert, den Quellcode von Abgasreinigungs- und Schummelsoftware herauszurücken. Auf diese Fragen gab es seitens der Porsche Holding am Freitag keine Antwort. ""Im Einzelfall wurden Fahrzeugeintäusche auf Kundenwunsch durchgeführt, sofern dies aus prozessökonomischer Sicht der beklagten Partei sinnvoll und zur Erhaltung bzw. Wiederherstellung der Kundenzufriedenheit erforderlich war"", teilte Unternehmenssprecher Richard Mieling mit. Klägeranwalt Michael Poduschka resümiert: ""VW hat panische Angst vor diesem Gutachten"", es könnte sich ja herausstellen, dass die Grenzwerte im ""Schmutzmodus"" überschritten werden. Dann könnten bis Jahresende (da verjähren die Ansprüche) noch viele Autokäufer klagen – und zumindest funkelnagelneue Fahrzeuge bekommen, ohne Aufzahlung.",2017-11-18 12:09:01.000000,2017-11-18 16:51:34.269164
16,at.derstandard,wirtschaft,http://derstandard.at/2000068006977/Die-Vermessung-der-Welt-jenseits-von-Google?ref=rss,Standard Verlagsgesellschaft M.B.H.;Regina Bruckner,Horizont-Erweiterung - Vermessung der Welt jenseits von Google,"Rosling Rönnlund hat ein Team von Fotografen losgeschickt, die 168 Familien in 37 Ländern der Welt besuchten. Hans' Sohn Ola studierte zu jener Zeit Wirtschaftsgeschichte und beschäftigte sich mit animierten, digitalen Filmen. Sein Sohn Ola, Annas Mann, führte das Projekt weiter und heuerte professionelle Software-Entwickler in London an. ""10.000 müssten es in etwa sein, um ein repräsentatives Bild der Welt zu bekommen"", sagt sie. Der Kampf gegen das Unwissen lag dem heuer im Frühling verstorbenen Hans Rosling am Herzen. Dass Suchmaschinen nicht frei von gesellschaftlichen Normen, Werten und Ideologien sind, liegt auf der Hand. Dass es angesichts der Marktmacht von Google dafür zu spät sein könnte, glaubt die Wissenschafterin nicht. Die Ikea Foundation gibt etwa Geld, das schwedische Pendant zum heimischen Adressenverlag Herold und Melinda Gates vielleicht künftig auch. Was sie berührt, ist der Umstand, dass Menschen ganz unabhängig von ihrem Wohlstand in Würde leben wollen. Rosling Rönnlund kennt jedes einzelne Foto genau, schiebt Balken auf der Online-Seite des Gapminder-Projektes von links nach rechts.",2017-11-18 15:00:00.000000,2017-11-18 16:51:23.904542
14,de.sueddeutsche,wirtschaft,http://www.sueddeutsche.de/wirtschaft/sz-wirtschaftsgipfel-kardinal-marx-grundeinkommen-ist-das-ende-der-demokratie-1.3755338,Jan Schmidbauer,Kardinal Marx: Grundeinkommen ist "das Ende der Demokratie","Kardinal Reinhard Marx hat sich gegen die Einführung eines bedingungslosen Grundeinkommens ausgesprochen. Den Menschen ein festes Einkommen zur Existenzsicherung zu zahlen, sei jedoch keine Lösung für das Problem, sagte Marx. Es gehört zur Grundkonstitution des Menschseins, dass ich für mich und meine Familie etwas schaffe, das von Wert ist."" Schon jetzt könne man sehen, welche politischen Folgen es habe, wenn Menschen sich nicht mehr gebraucht fühlen. Man müsse darauf achten, dass der Mensch weiterhin die Computer kontrolliere und nicht anders herum. Es könne ""eine Einschränkung der Freiheit sein, wenn nicht mehr wir fragen, was richtig ist, sondern die Maschinen uns diese Entscheidung abnehmen"", sagte er. ""Das iPhone macht mich nicht weniger religiös"", sagte Marx, der beim Gespräch immer wieder sein eigenes Smartphone hervorzog. Kritisch äußerte sich Marx auch über die ungleiche Verteilung von Vermögen. ""Wir müssen die politischen Folgen der Ungleichheit im Auge behalten"", sagte er. Sie sei ein wichtiger Grund für den zunehmenden Nationalismus in vielen Staaten.",2017-11-18 11:23:02.000000,2017-11-18 16:51:20.113695
21,at.derstandard,Lifestyle,http://derstandard.at/2000067989823/Geri-Winkler-Der-Mann-der-alle-Laender-der-Welt-besuchte?ref=rss,Standard Verlagsgesellschaft M.B.H.;Sascha Aumüller,"Weltenbummler - Geri Winkler: Der Wiener, der alle Länder der Welt besuchte","Auf das Visum für den Staat, der ihn endgültig zum Weltreisenden im Wortsinn macht, musste er wochenlang warten, vorab jede Hotelbuchung und ein polizeiliches Führungszeugnis beibringen. ""Einfach nur Länder zu sammeln war nie mein Ding, ich möchte überall ein bisserl länger bleiben."" Winkler wächst in Döbling als Sohn eines Gerichtssachverständigen für Verkehrsunfälle auf, die Mutter hilft dem Vater im Büro. ""Mit 17 stand ich auf der Hadikgasse und streckte meinen Daumen raus"", sagt Winkler über den eigentlichen Beginn seiner Abenteuerlust. Später absolviert Winkler ein Mathematikstudium, wird Lehrer am Wiener Billrothgymnasium – nicht die schlechteste Voraussetzung, um viele Wochen im Jahr auf Reisen zu gehen, wie er selbst sagt. Im Jahr 2001 ändert sich Grundlegendes für Winkler, der an Diabetes vom Typ 1 leidet, also regelmäßig Insulin spritzen muss. Er schreibt sechs Herstellerfirmen für Blutzuckermessgeräte an: ""Bin bereit, Ihre Geräte unter extremen Bedingungen im Kaukasus zu testen."" In acht Monaten fährt er mit dem Fahrrad durch sieben Länder und absolviert dabei die maximal möglichen 9.261 Höhenmeter bis zum höchsten Punkt der Erde. Die beiden waren Lehrer an derselben Schule, sind seit 13 Jahren ein Paar und oft zusammen verreist. ""Früher gab es einen Club für Vielreisende, in dem man einander persönlich Stempel im Pass oder Reservierungsbestätigungen zeigte.",2017-11-18 13:00:00.000000,2017-11-18 16:51:31.294400
22,at.derstandard,Lifestyle,http://derstandard.at/2000067269576/Heisse-Naechtein-der-Schweiz?ref=rss,Standard Verlagsgesellschaft M.B.H.;Markus Böhm,Luxusuhren - Was los ist mit der Schweizer Uhrenbranche,"Irgendwie ist es beruhigend, dass auch (extrem) reiche und mächtige Männer manchmal keinen Schlaf finden. Ist dies doch ein Indiz dafür, dass das Geschäft nicht mehr ganz so rund läuft. Mit teuren Zeitmessern der Marken IWC, Piaget oder Jaeger-LeCoultre erzielt das Unternehmen mehr als ein Viertel des Umsatzes. Auf erwähnter Generalversammlung nahm Rupert einen radikalen Umbau des Verwaltungsrats vor, um den Konzern neu auszurichten und in erster Linie die Führungsmannschaft zu verjüngen. Er konnte nun über das Schicksal von Marken wie Vacheron Constantin, Piaget oder Panerai entscheiden. Ein herber Verlust für den Konzern, gut möglich, dass Johann Rupert auch in jener Zeit schlecht geschlafen hat. So kam es, dass George Kern bei Breitling quasi von heute auf morgen eine neue Heimat fand. Hauptgrund ist das dynamische Tourismusgeschäft, auf dessen Konto mehr als ein Drittel der Luxusgüterverkäufe entfällt. Die offensichtlich wieder erwachte Kauflust reicher Konsumenten bescherte dem Hersteller einen Umsatzsprung von zwölf Prozent. Das Betriebsergebnis sei um rund 45 Prozent gestiegen, hieß es Ende September vonseiten des Konzerns.",2017-11-18 13:00:00.000000,2017-11-18 16:51:32.295814
23,at.derstandard,Panorama,http://derstandard.at/2000068053226/Klimakonferenz-Entwicklungslaender-werden-weiter-unterstuetzt?ref=rss,Standard Verlagsgesellschaft M.B.H.,Umwelt - Spätes Ende mit kleinen Fortschritten bei der Klimakonferenz,"Bonn/Wien – Die UN-Klimakonferenz in Bonn ist erst nach einer Verlängerung wegen Finanzstreitigkeiten Samstag früh zu Ende gegangen. Erst kurz nach 5.00 Uhr wurde vermeldet, dass alle Entscheidungen der COP 23 gefallen waren. Laut Konferenz-Präsident, Fidschis Regierungschef Frank Bainirama, einigten sich die Delegationen auf eine Regelung zur Fortführung des Anpassungsfonds. ""Das Ergebnis der Konferenz ist eine solide Basis für die weiteren Verhandlungen, die im Dezember 2018 bei der Konferenz in Katowice zu einem Gesamtergebnis betreffend die Umsetzung des Übereinkommens von Paris führen sollen. Österreich als EU-Ratspräsidentschaft im zweiten Halbjahr 2018 wird bei den weiteren Verhandlungen eine verantwortungsvolle Rolle innehaben"", war das Resümee von Umweltminister Andrä Rupprechter ( ÖVP ). Global 2000 machte in einer Aussendung erneut darauf aufmerksam, dass die derzeitigen Zusagen der Staaten nicht ausreichen, um die Pariser Klimaziele einzuhalten. Laut EEA gehört Österreich neben Belgien, Finnland, Deutschland, Irland, Luxemburg und Malta zu den sieben Ländern in der EU, die ihre 2020-Klimaziele verfehlen werden, wenn keine neuen Maßnahmen gesetzt werden. ""Der Geist von Paris ist in Bonn kaum zu merken"", betonte Greenpeace-Österreich-Geschäftsführer Alexander Egit. Er erklärte, es zeichne sich mit der Konferenz in Bonn eine Arzt Kulturwende ab. ""Bei der Klimakonferenz in Bonn wurde festgehalten, dass auch die Zeit vor 2020 genutzt werden soll, um sinnvolle Maßnahmen auf den Weg zu bringen"", betonte Johannes Wahlmüller, Klima- und Energiesprecher von Global 2000, auch in Richtung der kommenden österreichischen Regierung.",2017-11-18 12:48:37.000000,2017-11-18 16:51:33.241091
42,at.derstandard,International,http://derstandard.at/2000068030834/Von-Paris-ueber-Riad-nach-Beirut-Hariris-moegliche-Rueckkehr-loest?ref=rss,Standard Verlagsgesellschaft M.B.H.;Gudrun Harrer,"Harrers Analysen - Riad, Paris, Beirut: Hariris mögliche Rückkehr löst die Libanon-Krise nicht","Aber wie es dann weitergehen sollte, war die große Frage: Libanesische Medien meldeten Samstagvormittag, dass Hariri von Paris aus mit Präsident Michel Aoun telefoniert und angekündigt habe, dass er am Mittwoch nach Beirut weiterreisen werde. Ob er dort Aoun, wie von diesem verlangt, sein Rücktrittsgesuch persönlich überreichen würde, war zunächst nicht bekannt. Aoun hat aber auch bereits klargemacht, dass er Hariri in diesem Fall mit der Führung einer Übergangsregierung betrauen will. Aber dass Hariri nicht direkt in den Libanon fliegt, sondern zuerst nach Frankreich, scheint die Vermutung vom saudischen Zwang auch nicht zu widerlegen, sondern sogar zu bestätigen: Es sah so aus, dass die Saudis nur nach intensivem Lobbying Frankreichs, das vergangene Woche mit einem ungeplanten Besuch von Präsident Emmanuel Macron in Riad begann, Hariri gehen ließen. Le Monde titelte am Samstag, dass Frankreich Saudi-Arabien dadurch einen gesichtswahrenden Ausstieg ermöglicht habe. Aber selbst wenn Hariri im Libanon zurück ist: Die Probleme für das Land sind damit nicht ausgeräumt. Frankreich hat enge historische Beziehungen zum Libanon sowie gute politische und wirtschaftliche Verbindungen zu Saudi-Arabien. Dieser hat inzwischen seinen_Ton etwas gemäßigt: Der Libanon wolle keinen Konflikt mit Saudi-Arabien – das er zuvor beschuldigt hatte, Hariri ""gekidnappt"" zu haben. Im Ritz Carlton in Riad sitzen weiter die von ihm festgehaltenen Prinzen und Geschäftsleute. Die Gerüchte, dass Hariri vom Kronprinzen ebenfalls der unsauberen Geschäfte beschuldigt wird, halten sich.",2017-11-17 15:19:57.000000,2017-11-18 16:51:55.387785
41,at.derstandard,International,http://derstandard.at/2000068036002/Soziale-Rechte-EU-Regierungschefs-ueben-sich-in-Goeteborg-in-Symbolik?ref=rss,Standard Verlagsgesellschaft M.B.H.;Anna Giulia Fink Aus Göteborg,Göteborg - Soziale Rechte: EU-Regierungschefs üben sich in Symbolik,"Die Erklärung ist symbolisch von großer Bedeutung, ganz konkret jedoch verändert sie zunächst einmal: so gut wie gar nichts. Europas Sozialpolitik fällt nicht unter EU-Kompetenz, sondern ist Aufgabe der Nationalstaaten. Brüssel bleiben in diesem Feld weitgehend die Hände gebunden. Im November 1997 hatte es sich die EU eigentlich schon zum Vorhaben gemacht, einmal im Jahr ein informelles Treffen zu organisieren, das sich vorrangig der Sozial- und Beschäftigungspolitik in der Union widmet. 20 Jahre später war es nun in Göteborg so weit. Zwar ging es am Rande auch um den Brexit – im Zentrum aber stand nun erstmals die soziale Stütze der Union, die am Freitag Realität wurde. Österreichs Noch-Bundeskanzler Christian Kern ( SPÖ ) sprach von ""einem ersten positiven Schritt"", denn das Entscheidende sei, dass die ""soziale Agenda jetzt ganz oben auf der Prioritätenliste"" stehe. Bei aller parteipolitisch übergreifenden Einigkeit, die in Göteborg im Vordergrund stand, herrscht in der Frage, wie weit die EU nun auch auf sozialer Ebene zusammenrücken soll, nämlich alles andere als Einigkeit. Während sich etwa Kanzler Kern hinter die Reformpläne des französischen Präsidenten Emmanuel Macron gestellt und eine ""Koalition der Willigen"" gefordert hat, um die sozialen Säulen der Union zu diskutieren, geht sein vermutlicher Nachfolger im Amt eher in die entgegengesetzte Richtung: Sebastian Kurz ( ÖVP ) wünscht sich prinzipiell mehr Subsidiarität, auch in sozialen Fragen. Dass die deutsche Kanzlerin Angela Merkel wegen der Sondierungsgespräche ""bei einem so wichtigen Thema"" nicht nach Göteborg kommen konnte, nannte Kern ""bedauerlich"": ""Ich würde mir wünschen, dass die ausgestreckte Hand Macrons bei den Koalitionsverhandlungen ergriffen wird.""",2017-11-17 16:21:00.000000,2017-11-18 16:51:53.958821
36,at.derstandard,International,http://derstandard.at/2000068053712/EU-Haushalt-Einigung-auf-145-Millionen-an-Ausgaben-fuer-2018?ref=rss,Standard Verlagsgesellschaft M.B.H.,Haushalt - EU kürzt in Haushaltsverhandlungen Hilfen für Türkei,"Diese Gelder würden nur freigegeben, wenn die EU Fortschritte im Bereich der Rechtsstaatlichkeit feststelle. Die EU-Staats- und Regierungschefs hatten bei ihrem Gipfel im Oktober eine Kürzung verlangt. Sie reagierten damit auf das massive Vorgehen Ankaras gegen Regierungskritiker und eine insgesamt verschlechterte Menschenrechtslage. Die deutsche Bundeskanzlerin Angela Merkel hatte den Beschluss damals maßgeblich durchgesetzt. Insgesamt stehen für die Türkei dafür im siebenjährigen EU-Finanzzeitraum von 2014 bis 2020 rund 4,45 Milliarden Euro bereit. Nach 16-stündigen Verhandlungen in der Nacht zum Samstag einigte man sich auf Ausgaben von 144,7 Milliarden Euro. Der neue Haushalt biete ""genügend Spielraum, um auf unvorhersehbaren Bedarf zu reagieren"", erklärte Estlands Finanzstaatssekretär Märt Kivine, dessen Land derzeit den EU-Vorsitz innehat. Die Vereinbarung sei ""ein gutes Beispiel für maßvolle und vorausschauende Haushaltsführung"", erklärte der deutsche Finanzstaatssekretär Jens Spahn (CDU). Sie biete ""die nötige Flexibilität, um auf zukünftige Herausforderungen reagieren zu können"". Das Europaparlament hatte zum Auftakt der Verhandlungen noch 2,5 Milliarden Euro mehr gefordert.",2017-11-18 07:20:01.000000,2017-11-18 16:51:49.087775
33,at.derstandard,International,http://derstandard.at/2000068060008/Macron-Vertrauter-zum-Chef-der-franzoesischen-Regierungspartei-gewaehlt?ref=rss,Standard Verlagsgesellschaft M.B.H.,Frankreich - Macron-Vertrauter zum Chef der französischen Regierungspartei gewählt,"Lyon – Die Partei des französischen Präsidenten Emmanuel Macron hat den bisherigen Regierungssprecher Christophe Castaner zu ihrem neuen Chef gekürt. Ein Parteitag von ""La Republique En Marche"" wählte den 51-Jährigen am Samstag in Lyon einstimmig bei zwei Enthaltungen, wie die Gruppierung mitteilte. Castaner, der als Vertrauter Macrons gilt, war der einzige Kandidat. Er hat jetzt die Aufgabe, die junge Partei nach ihrem Durchmarsch an die Macht zu festigen und weiterzuentwickeln. In den Reihen von La Republique en Marche war vor dem Parteitag Kritik an mangelnder interner Demokratie laut geworden. Bemängelt wurde etwa, dass über die Parteispitze nicht in einer Urwahl aller Mitglieder abgestimmt wird. Macron hatte die Gruppierung im vergangenen Jahr bewusst als Gegenentwurf zu den Strukturen der traditionellen Parteien positioniert. Sie steht nun vor dem schwierigen Spagat, die Zwänge einer Regierungspartei mit ihrem Selbstverständnis als offene Bewegung zu vereinen. Macron war im Mai zum Präsidenten gewählt worden, im Juni eroberte seine Partei eine absolute Mehrheit in der Nationalversammlung. In den vergangenen Monaten war die Partei von einer Interims-Spitze gelenkt worden.",2017-11-18 10:46:21.000000,2017-11-18 16:51:45.643461
26,at.derstandard,International,http://derstandard.at/2000068054285/Mugabes-Partei-ruft-zu-Protesten-gegen-ihn-auf?ref=rss,Standard Verlagsgesellschaft M.B.H.,Großdemonstration - Simbabwe: Zehntausende fordern Abtritt Mugabes,"Großdemonstration in Harare: Demonstranten fordern Ende der Ära Mugabe – dessen Frau Grace solle nicht an die Macht kommen. Dessen Neffe beschwört das Durchhaltevermögen des ehemaligen Freiheitskämpfers: er werde lieber sterben als zurückzutreten. Am Nachmittag hat das Militär die Demonstranten daran gehindert, zu Mugabes Residenz ""Blue Roof"" im Zentrum der Hauptstadt vorzudringen. Soldaten blockierten am Samstag tausende Teilnehmer der Großkundgebung, die nur noch 200 Meter vom Tor zu dem Gebäude entfernt waren, wie ein AFP-Reporter berichtete. Seit dem Coup befindet sich Mugabe unter Hausarrest der Armee, die jedoch versicherte, ihn nicht stürzen zu wollen. Mugabes Gegner werfen ihm einen autoritären Regierungsstil vor und machen ihn für die grassierende Misswirtschaft verantwortlich. Einem Verwandten zufolge werde Mugabe gleichwohl trotz der Machtübernahme durch das Militär nicht zurücktreten. Zhuwao sprach von einem geheimen Ort aus mit Reuters und sagte, der 93-jährige Mugabe habe in den vergangenen Tagen kaum geschlafen, sei aber sonst bei guter Gesundheit. Der südafrikanische Präsident Jacob Zuma erklärte, sein Land unterstütze das Volk von Simbabwe. Zuma hatte abgekündigt, in seiner Eigenschaft als Vorsitzender der Entwicklungsgemeinschaft des südlichen Afrika einen Sondergesandten nach Simbabwe zu schicken.",2017-11-18 12:06:54.000000,2017-11-18 16:51:36.699292
25,at.derstandard,International,http://derstandard.at/2000068053889/Libanesischer-Premier-Hariri-in-Paris-eingetroffen?ref=rss,Standard Verlagsgesellschaft M.B.H.,Regierungskrise - Hariri will am Mittwoch nach Beirut zurückkehren,"Paris/Beirut/Riad – Der libanesische Ministerpräsident Saad Hariri ist am frühen Samstagmorgen von Saudi-Arabien kommend in Paris eingetroffen. Der französische Präsident Emmanuel Macron empfing Hariri schon wenige Stunden nach seiner Ankunft im Élysée-Palast zu einem Gespräch. Es folgte ein Mittagessen, zu dem später auch Hariris Familie hinzukam: allerdings nur Hariris Frau Lara, die ihn von Riad begleitete, und sein ältester Sohn Hussam, der aus Großbritannien angereist war. Joost Hiltermann, Nahost-Programmdirektor der angesehenen International Crisis Group, meldete per Twitter Zweifel daran an, ob die Familie komplett sei. Zwei von Hariris Kinder dürften in Riad zurückgeblieben sein, das meldete auch die New York Times. Hariri hatte am 4. November überraschend während eines Aufenthalts in Saudi-Arabien seinen Rücktritt erklärt und seitdem das Land nicht verlassen. Macron empfing Hariri ausdrücklich als Regierungschef des Libanon, weil dessen Rücktritt aus der Ferne von Präsident Aoun nicht angenommen worden war. Aus Protest gegen Äußerungen von Deutschlands Außenminister Sigmar Gabriel (SPD) zum Libanon ruft Saudi-Arabien seinen Botschafter aus Berlin zurück, dem deutschen Botschafter in Riad wird eine Protestnote überreicht. Gabriel werden aber auch Aussagen vorgeworfen, wonach Hariri gegen seinen Willen in Saudi-Arabien festgehalten worden sei. Seitdem wird auf Twitter unter dem Hashtag #GabrielTheLiar von saudischen Lobbyisten gegen Deutschland mobilisiert.",2017-11-18 12:08:29.000000,2017-11-18 16:51:35.696444
28,at.derstandard,Immobilien,http://derstandard.at/2000067953053/Lange-Bauverfahren-Kapazitaetsengpaesse-in-Wien?ref=rss,Standard Verlagsgesellschaft M.B.H.;Martin Putschögl,Wohnbau - Lange Bauverfahren: "Kapazitätsengpässe" in Wien,"16 Monate brauchte das Landesverwaltungsgericht, um im Bauvorhaben Hetzgasse 8 in zweiter Instanz ein Urteil zu sprechen. Dieses lautete vor wenigen Tagen: Der bereits begonnene Abriss des Gründerzeithauses darf nicht fortgesetzt werden. Wie berichtet, hat die Stadt Wien nämlich während der schon laufenden Arbeiten eine Schutzzone rund um das Haus beschlossen. ""Da gibt es nur sieben Richter für ganz Wien und eine durchschnittliche Verfahrensdauer von 15 Monaten."" Erst wenn die zweite Instanz ihren Sanktus gibt, kann zu bauen begonnen werden. Hier hat die Behörde viel mehr zu tun als noch vor zehn Jahren."" ""Bei der viel wichtigeren Endabnahme verlässt sich die Behörde ja auch auf private Ziviltechniker. Ulreich kämpft aber noch an einer anderen Front um Verbesserungen: bei der Wiener Bauordnung. Was da alles kommt, ist aber offen, es werde derzeit mit den Grünen darüber verhandelt. Dabei seien ohnehin ""um zigtausende Euro Vorkehrungen für Seilsicherungssysteme von uns zu bauen, über welche man sich bei Reparaturarbeiten abseilen kann"".",2017-11-18 12:00:00.000000,2017-11-18 16:51:38.777144
34,at.derstandard,Inland,http://derstandard.at/2000068055285/Kern-FPOe-koennte-Oesterreich-aus-der-EU-sprengen?ref=rss,Standard Verlagsgesellschaft M.B.H.,Europa - Kern: FPÖ könnte "Österreich aus der EU sprengen","Göteborg/Wien – Noch-Bundeskanzler Christian Kern glaubt, dass die FPÖ im Falle einer Regierungsbeteiligung in der Europapolitik ""viele Lektionen"" werde lernen müssen, sonst könnte sie Österreich aus der EU ""sprengen"". ""Da wird die FPÖ jetzt auch viele Lektion lernen oder sie werden Österreich aus der EU sprengen. Sie werden ihre Politik radikal verändern oder den Rückzug aus der EU antreten müssen."" Kern bedauert, dass Österreich in Zukunft vermutlich nicht mehr Partner des ""vor Ideen"" und ""faszinierenden Visionen"" sprühenden französischen Präsidenten Emmanuel Macron sein werde. Insbesonders Deutschland: ""Ohne das jetzt zu einer Fundamentalkritik an Deutschland zu machen, aber wenn ich mir ansehe, wie Europa da bei den Jamaika-Verhandlungen diskutiert wird, ist das einfach eine Enttäuschung."" Macrons Ideen würden etwa in Italien, Spanien und auch Portugal unterstützt. Als ein Beispiel für neue Vorschläge Macrons nannte Kern die Idee von europaübergreifenden Studienlehrgängen, Lehrplänen mit zwei lebenden Fremdsprachen. Kern teilt diese Meinung: ""Ich sehe es nicht ein, dass Leute auf geistiges Eigentum zugreifen können, ohne zu zahlen."" Wenn ""man es den Menschen ehrlich sagt, gibt's nur zwei Möglichkeiten: entweder wir sind bereit, mehr zu zahlen, oder wir sind bereit, die Leistungsfähigkeit der EU zu reduzieren."" Die Premiers Paolo Gentiloni (Italien), Antonio Costa (Portugal), Stefan Löfven (Schweden) sowie SPD-Chef Martin Schulz hätten bereits zugesagt.",2017-11-18 08:22:58.000000,2017-11-18 16:51:46.682536
44,at.derstandard,Inland,http://derstandard.at/2000068019145/OeVP-und-FPOe-verkuenden-erste-Einigungen-im-Sicherheitsbereich?ref=rss,Standard Verlagsgesellschaft M.B.H.;Katharina Mittelstaedt;Nina Weißensteiner;Günther Oswald,Verhandlungen - ÖVP und FPÖ verkünden erste Einigungen im Sicherheits- und Asylbereich,"Wien – Fast eine Stunde lang ließen ÖVP -Obmann Sebastian Kurz und FPÖ -Chef Heinz-Christian Strache Freitagnachmittag im Atrium des Palais Epstein auf sich warten, ehe sie ihren Zwischenstand bei den Koalitionsverhandlungen bekanntgaben. Für bedürftige Familien soll bundesweit die Sozialleistung einheitlich gedeckelt werden – auf welchen Betrag, wurde nicht konkretisiert. Fest steht, dass es für Asylberechtigte bloß eine ""Mindestsicherung light"" geben soll, mit mehr Sachleistungen, weniger Geld. Mit den anderen Bundesländern wollen Türkis und Blau dazu ""in Kontakt"" treten, erklärte Kurz – wenn es zu keiner Einigung komme, überlege man eben ein ""Grundsatzgesetz"". Polizei: Bei der Polizei soll die Vereinbarkeit von Familie und Beruf verbessert werden, geplant ist auch eine Reform des Besoldungssystems, denn: 60-jährige Polizisten, die nicht mehr für den Außendienst geeignet seien, gingen allzu oft in Pension – vor allem weil ihnen beim Innendienst hohe Zulagen entfallen, erklärte Strache. Wie viele neue Stellen es bei der Polizei geben soll – zuletzt waren 2000 bis 3000 im Gespräch –, steht noch nicht fest. Nach ihrem Auftritt stand für Kurz und Strache dann eine Audienz beim Bundespräsidenten an – inklusive klärenden Gesprächs. Denn Alexander Van der Bellen soll kürzlich im Kreis von Diplomaten angekündigt haben, dass er die FPÖ-Politiker Johann Gudenus und Harald Vilimsky nicht als Minister angeloben würde. FPÖ-Chef Strache bezeichnete die Äußerungen – ""wenn sie so gefallen sind"" – vor dem Treffen als ""schlechten Stil"". Eine Freiwillige für das Außenamt meldete sich aber schon: Die Publizistin und Nahostexpertin Karin Kneissl will Ministerin werden.",2017-11-17 13:38:40.000000,2017-11-18 16:51:58.073342
43,at.derstandard,Inland,http://derstandard.at/2000068028268/Kern-warnt-vor-Machtkartell-der-OeVP?ref=rss,Standard Verlagsgesellschaft M.B.H.;Michael Völker,Regierungsbildung - SPÖ-Chef Kern warnt vor "Machtkartell der ÖVP","STANDARD: Das dürfte eines der letzten Interviews sein, die Sie hier als Bundeskanzler in diesem Büro geben. Alle, die bei den Grünen auch nur einen Restfunken an Verantwortung empfinden, werden das wohl ähnlich sehen müssen. Kern: Die Grünen haben immer eine gewisse Nähe zu uns gehabt, da gibt es vom politischen Denken durchaus Parallelen. Aber unser Ziel muss es sein, innerhalb des sozialdemokratischen Spektrums auch für die Wähler der Grünen noch mehr Platz zu schaffen. Ihnen wird nicht nur sehr viel Personal fehlen, Sie werden auch weit weniger Öffentlichkeit haben ... Es war ja nicht so, dass wir von den klassischen Medien Rückenwind hatten, ganz im Gegenteil. Bei den Freiheitlichen sehe ich das anders, damit werden sie inhaltlich einen großen Einfluss auf die Regierung haben. STANDARD: Die SPÖ hat sich im Wahlkampf gerade mit dem Thema Migration sehr schwergetan. Diese Fähigkeit, die Leute in aller Konsequenz hinters Licht zu führen, geht uns glücklicherweise ab. In Zukunft werden wir sehen, aber ich glaube, da ist die Aufgabe eine andere.",2017-11-17 15:00:24.000000,2017-11-18 16:51:56.894054
29,at.derstandard,Inland,http://derstandard.at/2000068057377/Wien-will-sich-bei-Kuerzung-der-Mindestsicherung-wehren?ref=rss,Standard Verlagsgesellschaft M.B.H.,Sozialpolitik - Mindestsicherung in Wien: Schieder erwägt Wartefrist für Zuziehende,"Treffen würde diese allerdings nur Nicht-Wiener: ""Wir dürfen nicht zusehen, wie andere Bundesländer Armut nach Wien exportieren"", erklärt er in der ""Kronen Zeitung"". Er finde es ""schändlich"", wenn die Parteichefs Sebastian Kurz ( ÖVP ) und Heinz-Christian Strache ( FPÖ ) dauernd auf die Ärmsten der Armen losgingen, aber geflissentlich weggeschaut werde, wenn die Reichsten der Reichen Gelder in Steueroasen verschöben. Ob sich Wien auch juristisch wehren würde, machte Schieder von der Ausformulierung abhängig: ""Wenn es wirklich ganz schrecklich ist, wird man es vor dem VfGH bekämpfen."" Klar ist, dass damit auch eine Einschränkung der Mindestsicherung verbunden wäre. Wenn diese aber bedeute, dass Menschen in Wien von 500 Euro pro Monat leben sollten, lehne sie das ab: ""Das bringt so viele Sicherheitsprobleme und Kinderarmut mit sich."" Eine Diskriminierung von Ausländern lehnen sie jedoch ab, stellte Sozialsprecher Gerald Loacker am Samstag in einer Aussendung klar. Als Vorbild für die künftige Regierung nennt Loacker das Vorarlberger Modell – mit einem höheren Anteil an Sachleistungen und weniger direkten Geldflüssen. Einen wichtigen Schritt zur fairen Gestaltung der Mindestsicherung sehen die Neos auch im Bereich der Mehrfachvergütungen des Faktors Familie. Während Erwerbstätige Familienbeihilfe und Kinderabsetzbetrag bekämen, erhielten die Bezieher von Mindestsicherung in vielen Bundesländern zusätzlich zu diesen beiden Transfers noch einen Betrag für die Kinder. Diese Ungleichbehandlung mit Erwerbstätigen hält vom (Wieder-)Eintritt in den Arbeitsmarkt ab, weil niemand an seinem Arbeitsplatz für das Vorhandensein von Kindern eine bessere Bezahlung bekommt"", betont Loacker.",2017-11-18 11:47:36.000000,2017-11-18 16:51:40.607359
31,at.derstandard,Wissenschaft,http://derstandard.at/2000067807835-629/Volksmusik-Heimatklang-mit-rechter-Schlagseite?ref=rss,Standard Verlagsgesellschaft M.B.H.;Doris Griesser,Musik und Politik - Volksmusik: Heimatklang mit rechter Schlagseite,"Dieser historische Bruch erklärt auch, warum dem Begriff ""Volk"" in all seinen Verbindungen noch immer ein dissonanter Klang anhaftet. Auch hier handle es sich um eine ""subversive Gegenstrategie"" gegen das ""Establishment"" – allerdings sei dieses für die Vertreter des Neofolk nicht mehr bürgerlich-konservativ, sondern von linken Alt-68ern geprägt. Seine Lyrics findet der Neofolk u. a. bei Autoren wie Gottfried Benn, Friedrich Nietzsche, Oswald Spengler oder dem faschistischen Philosophen Julius Evola. Allesamt Dichter und Denker, die auch in der ""neurechten"" Szene für den philosophisch-poetischen Überbau sorgen. Man gibt sich intellektuell, die balladenartigen, oft rezitativen oder hymnischen Gesänge haben mit dem primitiven Brutalo-Rechtsrock zumindest äußerlich nichts zu tun. ""Der Rechtsextremismus geht mit dem Zeitgeist, ohne dass sein ideologischer Kern aufgeweicht wurde"", verwies Andreas Peham vom Dokumentationsarchiv des österreichischen Widerstands auf die unveränderte Ideologie hinter den oft coolen oder romantischen Fassaden. Ein anderes Beispiel für politische Instrumentalisierung von Volksmusik ist die türkische Nationalhymne. Jahr der türkischen Republik"" habe vor allem für die nationalistische und laizistische kemalistische Elite des Landes identitätsstiftend gewirkt. Das Verbot der alten Hymne habe in der Folge bewirkt, dass sie bei Regierungsgegnern unterschiedlicher ethnischer und religiöser Zugehörigkeit nun zum musikalischen Symbol ihrer Kritik an Fundamentalismus und AKP wurde. Nach 1945 habe der Ländler durch diese Vereinnahmung jedoch seine Popularität und Lebendigkeit eingebüßt.",2017-11-18 11:00:00.000000,2017-11-18 16:51:43.377952
37,at.derstandard,Meinung,http://derstandard.at/2000068041624/Kindergartengebuehren-Gestriges-Gesellschaftsbild?ref=rss,Standard Verlagsgesellschaft M.B.H.;Petra Stuiber,Petra Stuiber - Kindergartengebühren: Gestriges Gesellschaftsbild,"Der emotionale Brief, auf Facebook gepostet, hat für viel Wirbel gesorgt. Doch daraus eine allgemeingültige Lebenseinstellung zu machen – das sollten sich im Jahr 2017 nur Privatpersonen als Meinung leisten. Leider scheinen die Ansichten der Facebook-Posterin ziemlich genau das Gesellschaftsbild der oberösterreichischen Landesregierung widerzuspiegeln: Kinderbetreuung ist grundsätzlich Privatsache, wer das anders sieht, möge gefälligst dafür bezahlen. Verpflichtung und Zwang sind selbst auferlegt, es ist keineswegs so, dass Oberösterreichs Finanzen aus dem Ruder liefen. Der oberste politische Ehrgeiz von Schwarz-Blau ist halt das ""Nulldefizit"" – da müssen die Landesbürger eben Opfer bringen. Allerdings ist die Regierung jetzt wieder halb eingeknickt: Für sozial Schwache soll sich der monatliche Beitrag reduzieren, in ""Härtefällen"" muss man gar nichts zahlen. Ohnehin geht es um etwas anderes: die politische Durchsetzung eines gestrigen Gesellschaftsbilds. Damit hätte man auf einen Schlag auch alle erzieherischen und sozialen Probleme, die Ganztagskinderbetreuung mit sich bringt, privatisiert. Vom emanzipatorischen Wiener Ansatz, dass mehr und längere Fremdbetreuung vor allem für Kinder mit Migrationshintergrund auch mehr Integrationschancen bieten, ist man in Oberösterreich – und den meisten anderen Bundesländern – meilenweit entfernt. Vor allem in diesem Punkt scheinen ÖVP und FPÖ neuerdings zu harmonieren.",2017-11-17 17:30:29.000000,2017-11-18 16:51:50.099986
40,at.derstandard,Meinung,http://derstandard.at/2000068038380/Klimakonferenz-Grosse-Worte-keine-Taten?ref=rss,Standard Verlagsgesellschaft M.B.H.;Julia Schilly,"Julia Schilly - Klimakonferenz: Große Worte, keine Taten","Die enormen Aufgaben, zu denen die Delegierten jedes Jahr zäh Lösungen verhandeln, gehen in der fragmentierten Politik der Staaten in den folgenden elfeinhalb Monaten wieder unter. Nach drei Jahren Stillstand auf hohem Niveau steigt der weltweite Ausstoß von Kohlendioxid heuer um zwei Prozent. Vor allem Deutschlands Kanzlerin Angela Merkel enttäuschte heuer mit schwammigen Angaben zum Kohleausstieg. Da wäre ihr auch während schwieriger Koalitionsverhandlungen mehr Mut zuzutrauen gewesen. ""Donald Trump ist wenigstens ehrlich"", sagt Helga Kromp-Kolb zum Ausstieg der USA aus dem Klimaabkommen von Paris. Laut dem britischen Ökonomen Nicholas Stern drohen durch die Erderwärmung Schäden in Höhe von bis zu einem Fünftel der jährlichen Wirtschaftsleistung. Und im Gegenteil: Der Klimaschutz hat durch den Ausbau erneuerbarer Energien das Potenzial, die Wirtschaft sogar anzukurbeln. Und daran führt global gesehen kein Weg vorbei, wenn das Pariser Abkommen umgesetzt werden soll. Auch in Entwicklungs- und Schwellenländern öffnet sich ein großer Markt für alternative Energien. Während vor ein paar Jahren Europa etwa beim Ausbau der Windkraft noch als Pionier galt, ziehen nun China, die USA und Indien vorbei.",2017-11-17 16:45:58.000000,2017-11-18 16:51:52.928458
39,at.derstandard,Meinung,http://derstandard.at/2000068038758/Koalitionsverhandlungen-Kampfansage-an-die-Laender?ref=rss,Standard Verlagsgesellschaft M.B.H.;Günther Oswald,Günther Oswald - Mindestsicherung: Kampfansage an die Länder,"Es ist kein Zufall, dass Sebastian Kurz und Heinz-Christian Strache als Erstes Einigungen in den Bereichen Sicherheit und Asyl zu verkünden hatten . Sowohl ÖVP als auch FPÖ haben sich im Wahlkampf als Law-and-Order-Parteien präsentiert, die mehr oder weniger alle Probleme immer im Zusammenhang mit Flüchtlingen sehen. Neuerdings nimmt man auch semantische Anleihen bei den USA, die nach den Terroranschlägen vom 11. September 2001 ein Heimatschutzministerium (United States Department of Homeland Security) ins Leben riefen. Mit Details geizen die präsumtiven Regierungsspitzen aber noch, weshalb viele Fragen offenbleiben. So wäre es natürlich sinnvoll, Anreize zu schaffen, damit sich ältere Polizisten nicht in die Frühpension verabschieden, sondern im Innendienst verbleiben. Nach Schüren von Ressentiments klingt die geplante Verschärfung im Staatsbürgerschaftsrecht. Anerkannte Flüchtlinge sollen erst nach zehn Jahren einen österreichischen Pass beantragen dürfen. Warum sie schlechter als andere Zuwanderer gestellt werden sollen, die bei guter Integration nach sechs Jahren einen Antrag stellen können, ist nicht nachvollziehbar. Spannend wird aber auch, wie jene ÖVP-Landesgruppen reagieren, die mit den Grünen koalieren und sich bisher ebenfalls gegen Deckelungen und die Schlechterstellung von Flüchtlingen ausgesprochen haben. Werden die Länder tatsächlich vom Bund überrumpelt, könnte es zum ersten offenen Machtkampf zwischen den Türkisen und den alten Schwarzen kommen.",2017-11-17 16:54:25.000000,2017-11-18 16:51:52.194392
38,at.derstandard,Meinung,http://derstandard.at/2000068039453/VdB-mundtot-machen?ref=rss,Standard Verlagsgesellschaft M.B.H.;Hans Rauscher,Hans Rauscher - VdB mundtot machen,"Warum, zum Kuckuck, soll sich der Bundespräsident nicht zu den Koalitionsverhandlungen zwischen ÖVP und FPÖ äußern dürfen? Alexander Van der Bellen hat am Rande seines Besuchs beim Papst gegenüber mitreisenden österreichischen Journalisten gesagt, er vermisse ""das Neue"" in den Koalitionsverhandlungen. Daraufhin bekam VdB Schimpfer von der Krone : Wie könne er es wagen, den schweigsamen Verhandlern Kurz und Strache ein bisschen inhaltliche Klarheit abzuverlangen? Und außerdem noch zwei FPÖ-Politikern die Ministerfähigkeit absprechen ? Der eine, Johann Gudenus, hat ja nichts anderes getan, als bei einer wüsten Wahlrede zur Gewalt gegen ""Sozialschmarotzer"" aufzurufen (""Knüppel aus dem Sack!"") und einen Kuschelbesuch beim Despoten von Tschetschenien abzustatten; der andere, Harald Vilimsky, ließ einen Polizei-Elektroschocker an sich ausprobieren, ist aber immerhin noch so weit bei Sinnen, um beste Kontakte zu rechtsextremen Parteien im Europaparlament zu pflegen. Prompt reagiert die Krone dann mit rechten Verschwörungstheorien: ""Aber vielleicht hat das alles auch einen viel ernsthafteren Hintergrund – und Van der Bellen torpediert im Auftrag liberal-grüner Seilschaften die türkis-blaue Regierung."" Merkt jemand, was da los ist? Der vom Volk gewählte Präsident soll politisch mundtot gemacht werden. Weitere Kommentare von Hans Rauscher lesen Sie hier .",2017-11-17 16:59:24.000000,2017-11-18 16:51:51.251138
